query,company,domain,website,status
marketing agency Milan,Zebrah - Homepage,zebrah.it,https://zebrah.it,new
marketing agency Milan,"Marketing &amp; PR Agency Milan, Italy | TEAM LEWIS",teamlewis.com,https://teamlewis.com,new
marketing agency Milan,Milan Communication and Marketing Agency With 40 Years of Experience,agenziabrand.it,https://agenziabrand.it,new
marketing agency Milan,Award-Winning Creative Advertising Agency in Milan - ORBIS,orbispro.it,https://orbispro.it,new
marketing agency Milan,Top 100 Digital Marketing Companies in Milan - The Manifest,themanifest.com,https://themanifest.com,new
digital agency Rome,Digital Experience Agency | Roma Milano Bolzano,ydeastudio.com,https://ydeastudio.com,new
digital agency Rome,Best Digital Marketing Agencies in Rome 2025 | Semrush,semrush.com,https://semrush.com,new
digital agency Rome,Web Agency Roma | Eccolo Marketing | Digital Agency &amp; Social Media,eccolomarketing.it,https://eccolomarketing.it,new
digital agency Rome,Best Digital Marketing Agencies in Rome (2025 Edition),digitalmarketingsupermarket.com,https://digitalmarketingsupermarket.com,new
digital agency Rome,Digital Agency in Rome | Web &amp; App Development | OctaVertex Media,octavertexmedia.com,https://octavertexmedia.com,new
digital agency Rome,Digital Marketing Agency Rome | ZDM Agency,zdmagency.com,https://zdmagency.com,new
marketing agency London,Top 31 Мarketing Agencies in London as of 2025 - inBeat,inbeat.co,https://inbeat.co,new
marketing agency London,23 Top Marketing Companies in London,builtinlondon.uk,https://builtinlondon.uk,new
marketing agency London,Top 30 Marketing Agencies in London - Social Chameleon,socialchameleon.com,https://socialchameleon.com,new
marketing agency London,14 Best Digital Marketing Agencies in London [2026 ],wunderlustlondon.co.uk,https://wunderlustlondon.co.uk,new
marketing agency London,London Marketing Company - Leading Digital Marketing Agency,londonmarketingcompany.co.uk,https://londonmarketingcompany.co.uk,new
marketing agency London,Top 31 Digital Marketing Agencies in London (Reviewed in June 2025),inbeat.agency,https://inbeat.agency,new
marketing agency London,Best Digital Marketing Agencies in London,digitalagencynetwork.com,https://digitalagencynetwork.com,new
