query,company_or_title,website,status
marketing agency Milan,The 10 Best Advertising Agencies in Milan - 2026 Reviews - Sortlist,https://www.sortlist.com/i/advertising/milan-lombardy-it,to-review
marketing agency Milan,Top Digital Marketing Agencies in Milan - Clutch,https://clutch.co/it/agencies/digital-marketing/milan,to-review
marketing agency Milan,Zebrah - Homepage,https://www.zebrah.it/,to-review
marketing agency Milan,"Marketing &amp; PR Agency Milan, Italy | TEAM LEWIS",https://www.teamlewis.com/locations/milan/,to-review
marketing agency Milan,Milan Communication and Marketing Agency With 40 Years of Experience,https://www.agenziabrand.it/en/,to-review
marketing agency Milan,Award-Winning Creative Advertising Agency in Milan - ORBIS,https://orbispro.it/creative-agency-italy,to-review
marketing agency Milan,Top 100 Digital Marketing Companies in Milan - The Manifest,https://themanifest.com/it/digital-marketing/agencies/milan,to-review
marketing agency Milan,Best Advertising Agencies in Milan - 2025 Reviews | Goodfirms,https://www.goodfirms.co/advertising-companies/milan,to-review
marketing agency Milan,Top Advertising Agencies in Milan - Mar 2026 Rankings - Clutch,https://clutch.co/it/agencies/milan,to-review
digital agency Rome,The 10 Best Digital Marketing Agencies in Rome - 2026 Reviews,https://www.sortlist.com/s/digital-marketing/rome-lazio-it,to-review
digital agency Rome,Top Full-Service Digital Agencies in Rome - Clutch.co,https://clutch.co/it/agencies/digital/rome,to-review
digital agency Rome,Digital Experience Agency | Roma Milano Bolzano,https://ydeastudio.com/en/,to-review
digital agency Rome,Best Digital Marketing Agencies in Rome 2025 | Semrush,https://www.semrush.com/agencies/list/rome/,to-review
digital agency Rome,The Best Full Service Digital Companies in Rome - The Manifest,https://themanifest.com/it/digital/agencies/rome,to-review
digital agency Rome,Web Agency Roma | Eccolo Marketing | Digital Agency &amp; Social Media,https://www.eccolomarketing.it/,to-review
digital agency Rome,Best Digital Marketing Agencies in Rome (2025 Edition),https://digitalmarketingsupermarket.com/blog/digital-marketing-agencies-in-rome/,to-review
digital agency Rome,Digital Agency in Rome | Web &amp; App Development | OctaVertex Media,https://www.octavertexmedia.com/regions/europe/rome,to-review
digital agency Rome,Top Digital Marketing Agencies in Rome - GoodFirms,https://www.goodfirms.co/directory/city/top-digital-marketing-companies/rome,to-review
digital agency Rome,Digital Marketing Agency Rome | ZDM Agency,https://www.zdmagency.com/markets/rome/,to-review
marketing agency London,The 10 Best Marketing Agencies in London - 2026 Reviews,https://www.sortlist.co.uk/l/london-england-gb,to-review
marketing agency London,Top 31 Мarketing Agencies in London as of 2025 - inBeat,https://www.inbeat.co/articles/top-marketing-agencies-london/,to-review
marketing agency London,23 Top Marketing Companies in London,https://builtinlondon.uk/articles/top-marketing-companies-in-london,to-review
marketing agency London,Top 30 Marketing Agencies in London - Social Chameleon,https://socialchameleon.com/blog/top-30-marketing-agencies-in-london/,to-review
marketing agency London,Top Advertising Agencies in London - Mar 2026 Rankings - Clutch,https://clutch.co/agencies/uk/england/london,to-review
marketing agency London,Top Digital Marketing Agencies in London - DesignRush,https://www.designrush.com/agency/digital-marketing/uk/london,to-review
marketing agency London,14 Best Digital Marketing Agencies in London [2026 ],https://www.wunderlustlondon.co.uk/best-digital-marketing-agencies-london/,to-review
marketing agency London,London Marketing Company - Leading Digital Marketing Agency,https://londonmarketingcompany.co.uk/,to-review
marketing agency London,Top 31 Digital Marketing Agencies in London (Reviewed in June 2025),https://inbeat.agency/blog/top-digital-marketing-agencies-london,to-review
marketing agency London,Best Digital Marketing Agencies in London,https://digitalagencynetwork.com/agencies/london/,to-review
