company,email,language,subject,message,status,score
Digital Marketing Agency Rome | ZDM Agency,info@zdmagency.com,it,Brief di mercato per Digital Marketing Agency Rome | ZDM Agency,"Ciao,

sto testando uno strumento AI che genera brief di mercato strutturati per aziende come Digital Marketing Agency Rome | ZDM Agency.

Il brief evidenzia:
- competitor
- positioning
- opportunità di monetizzazione

Se vuoi ti mando un esempio gratuito sul tuo mercato.

Un saluto,
Nicodemo
",ready,19
Zebrah - Homepage,info@zebrah.it,it,Brief di mercato per Zebrah - Homepage,"Ciao,

sto testando uno strumento AI che genera brief di mercato strutturati per aziende come Zebrah - Homepage.

Il brief evidenzia:
- competitor
- positioning
- opportunità di monetizzazione

Se vuoi ti mando un esempio gratuito sul tuo mercato.

Un saluto,
Nicodemo
",ready,17
Milan Communication and Marketing Agency With 40 Years of Experience,info@agenziabrand.it,it,Brief di mercato per Milan Communication and Marketing Agency With 40 Years of Experience,"Ciao,

sto testando uno strumento AI che genera brief di mercato strutturati per aziende come Milan Communication and Marketing Agency With 40 Years of Experience.

Il brief evidenzia:
- competitor
- positioning
- opportunità di monetizzazione

Se vuoi ti mando un esempio gratuito sul tuo mercato.

Un saluto,
Nicodemo
",ready,17
Award-Winning Creative Advertising Agency in Milan - ORBIS,info@orbispro.it,it,Brief di mercato per Award-Winning Creative Advertising Agency in Milan - ORBIS,"Ciao,

sto testando uno strumento AI che genera brief di mercato strutturati per aziende come Award-Winning Creative Advertising Agency in Milan - ORBIS.

Il brief evidenzia:
- competitor
- positioning
- opportunità di monetizzazione

Se vuoi ti mando un esempio gratuito sul tuo mercato.

Un saluto,
Nicodemo
",ready,17
Digital Experience Agency | Roma Milano Bolzano,business@ydeastudio.com,it,Brief di mercato per Digital Experience Agency | Roma Milano Bolzano,"Ciao,

sto testando uno strumento AI che genera brief di mercato strutturati per aziende come Digital Experience Agency | Roma Milano Bolzano.

Il brief evidenzia:
- competitor
- positioning
- opportunità di monetizzazione

Se vuoi ti mando un esempio gratuito sul tuo mercato.

Un saluto,
Nicodemo
",ready,17
Web Agency Roma | Eccolo Marketing | Digital Agency &amp; Social Media,info@eccolomarketing.it,it,Brief di mercato per Web Agency Roma | Eccolo Marketing | Digital Agency &amp; Social Media,"Ciao,

sto testando uno strumento AI che genera brief di mercato strutturati per aziende come Web Agency Roma | Eccolo Marketing | Digital Agency &amp; Social Media.

Il brief evidenzia:
- competitor
- positioning
- opportunità di monetizzazione

Se vuoi ti mando un esempio gratuito sul tuo mercato.

Un saluto,
Nicodemo
",ready,17
Digital Agency in Rome | Web &amp; App Development | OctaVertex Media,info@octavertexmedia.com,it,Brief di mercato per Digital Agency in Rome | Web &amp; App Development | OctaVertex Media,"Ciao,

sto testando uno strumento AI che genera brief di mercato strutturati per aziende come Digital Agency in Rome | Web &amp; App Development | OctaVertex Media.

Il brief evidenzia:
- competitor
- positioning
- opportunità di monetizzazione

Se vuoi ti mando un esempio gratuito sul tuo mercato.

Un saluto,
Nicodemo
",ready,16
Top 31 Digital Marketing Agencies in London (Reviewed in June 2025),hello@inbeat.agency,it,Brief di mercato per Top 31 Digital Marketing Agencies in London (Reviewed in June 2025),"Ciao,

sto testando uno strumento AI che genera brief di mercato strutturati per aziende come Top 31 Digital Marketing Agencies in London (Reviewed in June 2025).

Il brief evidenzia:
- competitor
- positioning
- opportunità di monetizzazione

Se vuoi ti mando un esempio gratuito sul tuo mercato.

Un saluto,
Nicodemo
",ready,15
Best Digital Marketing Agencies in Rome 2025 | Semrush,mail@semrush.com,it,Brief di mercato per Best Digital Marketing Agencies in Rome 2025 | Semrush,"Ciao,

sto testando uno strumento AI che genera brief di mercato strutturati per aziende come Best Digital Marketing Agencies in Rome 2025 | Semrush.

Il brief evidenzia:
- competitor
- positioning
- opportunità di monetizzazione

Se vuoi ti mando un esempio gratuito sul tuo mercato.

Un saluto,
Nicodemo
",ready,14
Best Digital Marketing Agencies in Rome (2025 Edition),9df977c6@emailtest.io,it,Brief di mercato per Best Digital Marketing Agencies in Rome (2025 Edition),"Ciao,

sto testando uno strumento AI che genera brief di mercato strutturati per aziende come Best Digital Marketing Agencies in Rome (2025 Edition).

Il brief evidenzia:
- competitor
- positioning
- opportunità di monetizzazione

Se vuoi ti mando un esempio gratuito sul tuo mercato.

Un saluto,
Nicodemo
",ready,14
Top 31 Мarketing Agencies in London as of 2025 - inBeat,inbeat-logo@3x.png,it,Brief di mercato per Top 31 Мarketing Agencies in London as of 2025 - inBeat,"Ciao,

sto testando uno strumento AI che genera brief di mercato strutturati per aziende come Top 31 Мarketing Agencies in London as of 2025 - inBeat.

Il brief evidenzia:
- competitor
- positioning
- opportunità di monetizzazione

Se vuoi ti mando un esempio gratuito sul tuo mercato.

Un saluto,
Nicodemo
",ready,13
