company,email,language,subject,message,status
Zebrah - Homepage,info@zebrah.it,it,Brief di mercato per Zebrah - Homepage,"Ciao,

sto testando uno strumento AI che genera brief di mercato strutturati per aziende come Zebrah - Homepage.

Il brief evidenzia:
- competitor
- positioning
- opportunità di monetizzazione

Se vuoi ti mando un esempio gratuito sul tuo mercato.

Un saluto,
Nicodemo
",ready
Milan Communication and Marketing Agency With 40 Years of Experience,info@agenziabrand.it,it,Brief di mercato per Milan Communication and Marketing Agency With 40 Years of Experience,"Ciao,

sto testando uno strumento AI che genera brief di mercato strutturati per aziende come Milan Communication and Marketing Agency With 40 Years of Experience.

Il brief evidenzia:
- competitor
- positioning
- opportunità di monetizzazione

Se vuoi ti mando un esempio gratuito sul tuo mercato.

Un saluto,
Nicodemo
",ready
Award-Winning Creative Advertising Agency in Milan - ORBIS,info@orbispro.it,it,Brief di mercato per Award-Winning Creative Advertising Agency in Milan - ORBIS,"Ciao,

sto testando uno strumento AI che genera brief di mercato strutturati per aziende come Award-Winning Creative Advertising Agency in Milan - ORBIS.

Il brief evidenzia:
- competitor
- positioning
- opportunità di monetizzazione

Se vuoi ti mando un esempio gratuito sul tuo mercato.

Un saluto,
Nicodemo
",ready
Digital Experience Agency | Roma Milano Bolzano,business@ydeastudio.com,en,Market brief for Digital Experience Agency | Roma Milano Bolzano,"Hi,

I’m testing an AI tool that generates structured market briefs for companies like Digital Experience Agency | Roma Milano Bolzano.

The brief highlights:
- competitors
- positioning
- monetization opportunities

If you want, I can send you a free sample for your market.

Best,
Nicodemo
",ready
Best Digital Marketing Agencies in Rome 2025 | Semrush,mail@semrush.com,en,Market brief for Best Digital Marketing Agencies in Rome 2025 | Semrush,"Hi,

I’m testing an AI tool that generates structured market briefs for companies like Best Digital Marketing Agencies in Rome 2025 | Semrush.

The brief highlights:
- competitors
- positioning
- monetization opportunities

If you want, I can send you a free sample for your market.

Best,
Nicodemo
",ready
Web Agency Roma | Eccolo Marketing | Digital Agency &amp; Social Media,info@eccolomarketing.it,it,Brief di mercato per Web Agency Roma | Eccolo Marketing | Digital Agency &amp; Social Media,"Ciao,

sto testando uno strumento AI che genera brief di mercato strutturati per aziende come Web Agency Roma | Eccolo Marketing | Digital Agency &amp; Social Media.

Il brief evidenzia:
- competitor
- positioning
- opportunità di monetizzazione

Se vuoi ti mando un esempio gratuito sul tuo mercato.

Un saluto,
Nicodemo
",ready
Best Digital Marketing Agencies in Rome (2025 Edition),9df977c6@emailtest.io,it,Brief di mercato per Best Digital Marketing Agencies in Rome (2025 Edition),"Ciao,

sto testando uno strumento AI che genera brief di mercato strutturati per aziende come Best Digital Marketing Agencies in Rome (2025 Edition).

Il brief evidenzia:
- competitor
- positioning
- opportunità di monetizzazione

Se vuoi ti mando un esempio gratuito sul tuo mercato.

Un saluto,
Nicodemo
",ready
Digital Agency in Rome | Web &amp; App Development | OctaVertex Media,info@octavertexmedia.com,en,Market brief for Digital Agency in Rome | Web &amp; App Development | OctaVertex Media,"Hi,

I’m testing an AI tool that generates structured market briefs for companies like Digital Agency in Rome | Web &amp; App Development | OctaVertex Media.

The brief highlights:
- competitors
- positioning
- monetization opportunities

If you want, I can send you a free sample for your market.

Best,
Nicodemo
",ready
Digital Marketing Agency Rome | ZDM Agency,info@zdmagency.com,en,Market brief for Digital Marketing Agency Rome | ZDM Agency,"Hi,

I’m testing an AI tool that generates structured market briefs for companies like Digital Marketing Agency Rome | ZDM Agency.

The brief highlights:
- competitors
- positioning
- monetization opportunities

If you want, I can send you a free sample for your market.

Best,
Nicodemo
",ready
Top 31 Digital Marketing Agencies in London (Reviewed in June 2025),hello@inbeat.agency,it,Brief di mercato per Top 31 Digital Marketing Agencies in London (Reviewed in June 2025),"Ciao,

sto testando uno strumento AI che genera brief di mercato strutturati per aziende come Top 31 Digital Marketing Agencies in London (Reviewed in June 2025).

Il brief evidenzia:
- competitor
- positioning
- opportunità di monetizzazione

Se vuoi ti mando un esempio gratuito sul tuo mercato.

Un saluto,
Nicodemo
",ready
