company,email,subject,sent_at
The 10 Best SEO Companies in Italy (2026 Updated),hello@zeracreative.com,Brief di mercato per The 10 Best SEO Companies in Italy (2026 Updated),2026-03-09T17:32:49
Top 15+ SEO Agencies In Italy (2026) - Edvido,info@edvido.com,Brief di mercato per Top 15+ SEO Agencies In Italy (2026) - Edvido,2026-03-09T17:32:50
Top SEO Agencies in the UK 2026 - Ranked &amp; Reviewed,hello@onelittleweb.com,Market brief for Top SEO Agencies in the UK 2026 - Ranked &amp; Reviewed,2026-03-09T17:32:50
10 Best SEO Strategy Experts UK Companies Trust in 2025,hello@clickslice.co.uk,Market brief for 10 Best SEO Strategy Experts UK Companies Trust in 2025,2026-03-09T17:32:52
SEO Agency | A Purpose-Led SEO Company Driven by Results,info@hedgehogdigital.co.uk,Market brief for SEO Agency | A Purpose-Led SEO Company Driven by Results,2026-03-09T17:32:53
info@004gmbh.de,free market brief for 004 Technologies,2026-03-09T20:05:20
support@100plus.com,free market brief for 100Plus,2026-03-09T20:05:21
info@symphonyai.com,free market brief for 1010data,2026-03-09T20:05:22
contact@10x10room.com,free market brief for 10X10 Room,2026-03-09T20:05:22
support@17hats.com,free market brief for 17hats,2026-03-09T20:05:23
info@1871.com,free market brief for 1871,2026-03-09T20:05:24
hello@dcmn.com,free market brief for 1SDK,2026-03-09T20:05:25
press@23andme.com,free market brief for 23andMe,2026-03-09T20:05:25
info@247.ai,free market brief for [24]7,2026-03-09T20:05:26
letstalk@24i.com,free market brief for 24i,2026-03-09T20:05:28
support@24symbols.com,free market brief for 24Symbols,2026-03-09T20:05:29
contactus@outible.com,free market brief for 280 North,2026-03-09T20:05:30
support@2c2p.com,free market brief for 2C2P,2026-03-09T20:05:31
support@2crisk.com.au,free market brief for 2CRisk,2026-03-09T20:05:32
info@2morrowinc.com,free market brief for 2Morrow Inc,2026-03-09T20:05:33
media@2u.com,free market brief for 2U Inc.,2026-03-09T20:05:33
hello@360fly.com,"free market brief for 360fly, Inc.",2026-03-09T20:05:34
hr@365rm.com,free market brief for 365 Retail Markets,2026-03-09T20:05:35
jason@basecamp.com,free market brief for Basecamp,2026-03-09T20:05:36
info@3clogic.com,free market brief for 3CLogic,2026-03-09T20:05:36
