query,company,domain,website,email,status
marketing agency milan,Zebrah - Homepage,zebrah.it,https://zebrah.it,info@zebrah.it,new
marketing agency milan,Best Advertising Agencies in Milan 2025 | Semrush,semrush.com,https://semrush.com,mail@semrush.com,new
marketing agency milan,"Agenzia di Marketing, Comunicazione e Brand Advisory | Bliss Agency",blissagency.it,https://blissagency.it,contatti@blissagency.it,new
marketing agency milan,"Marketing &amp; PR Agency Milan, Italy | TEAM LEWIS",teamlewis.com,https://teamlewis.com,,new
marketing agency milan,Milan Communication and Marketing Agency With 40 Years of Experience,agenziabrand.it,https://agenziabrand.it,info@agenziabrand.it,new
marketing agency milan,"Influencer Marketing Agency in Milan, Italy — YKONE",ykone.com,https://ykone.com,Post-@martinapinto-jpg.jpg,new
marketing agency milan,"Marketing and communication agency in Milan, Italy - SAY",sayagency.com,https://sayagency.com,info@sayagency.com,new
marketing agency milan,Marketing and communications agency - Spada Media group Milan,agenziaspada.com,https://agenziaspada.com,,new
digital agency milan,Best Digital Agencies in Milan | Digital Agency Network,digitalagencynetwork.com,https://digitalagencynetwork.com,,new
digital agency milan,Top 100 Full-Service Digital Agencies in Milan - The Manifest,themanifest.com,https://themanifest.com,,new
digital agency milan,Digital Agencies in Milan - agencycake.com,agencycake.com,https://agencycake.com,,new
digital agency milan,Best Digital Marketing Agencies in Milan (Top 10) 2026,aitechtonic.com,https://aitechtonic.com,info@aitechtonic.com,new
digital agency milan,Milan&#x27;s premier digital marketing agencies - PRNEWS.io,prnews.io,https://prnews.io,,new
digital agency milan,Digital &amp; Web Agency Milan - Zero Digitale,zerodigitale.it,https://zerodigitale.it,info@zerodigitale.it,new
seo agency milan,SEO Agency Milan - Expert Consultancy | SEOMilan,seomilan.com,https://seomilan.com,,new
seo agency milan,Top 15+ SEO Agencies In Milan (2026) - Edvido,edvido.com,https://edvido.com,info@edvido.com,new
seo agency milan,"Top 24 SEO Agencies in Milan, Italy - aiseomate.com",aiseomate.com,https://aiseomate.com,oleg@aiseomate.com,new
seo agency milan,⚡️ Best SEO agency in Milan | Rocket Digital,rock.et,https://rock.et,info@rock.et,new
seo agency milan,Top 20+ SEO Agencies in Milan (2026) - TechBehemoths,techbehemoths.com,https://techbehemoths.com,,new
real estate agency milan,Real Estate Agency Milan - Morabito Real Estate,morabitoimmobiliare.it,https://morabitoimmobiliare.it,,new
real estate agency milan,Real estate agencies in Milan - Immobiliare.it,immobiliare.it,https://immobiliare.it,,new
real estate agency milan,Engel &amp; Völkers Milano,engelvoelkers.com,https://engelvoelkers.com,contact@engelvoelkers.com,new
real estate agency milan,"Luxury real estate agency Milan, ITALY - John Taylor",john-taylor.com,https://john-taylor.com,,new
real estate agency milan,"THE BEST 10 REAL ESTATE AGENTS in MILAN, ITALY - Yelp",yelp.com,https://yelp.com,stars@2x.yji-93f28c428b8c980a.png,new
real estate agency milan,Milan: real estate agents - Properstar,properstar.com,https://properstar.com,,new
real estate agency milan,Estate Agents in Milan - SeeMilan.com,seemilan.com,https://seemilan.com,,new
real estate agency milan,Milan - Brokers &amp; Luxury estate agents - Luxuryestate.com,luxuryestate.com,https://luxuryestate.com,info@luxuryestate.com,new
real estate agency milan,Real Estate Agency in Milan | luxury properties - Elite Immobiliare,eliteimmobiliare.net,https://eliteimmobiliare.net,,new
real estate agency milan,"Milan real estate agencies, Homes for Sale in Milan, Apartments for ...",inmilano.it,https://inmilano.it,,new
startup accelerator italy,Top 40 Accelerators and Incubators in Italy (2026) - Failory,failory.com,https://failory.com,nico@failory.com,new
startup accelerator italy,Italy Startup Accelerators - Apply to Top Programs (2026),freestartupfunding.com,https://freestartupfunding.com,,new
startup accelerator italy,Apply to top startup accelerators in Italy in 2026 - F6S,f6s.com,https://f6s.com,support@f6s.com,new
startup accelerator italy,ARES Accelerator - Acceleratore di start-up e PMI al servizio del ...,aresaccelerator.com,https://aresaccelerator.com,aresaccelerator@legalmail.it,new
startup accelerator italy,B-PlanNow | Startup accelerator in Italy,b-plannow.com,https://b-plannow.com,,new
startup accelerator italy,Home | VITA Accelerator,vitaaccelerator.it,https://vitaaccelerator.it,info@vitaaccelerator.it,new
startup accelerator italy,"Top Accelerators &amp; Incubators in Italy (Jan, 2026) - Tracxn",tracxn.com,https://tracxn.com,PR@tracxn.com,new
startup accelerator italy,Best Startup Accelerators And Incubators In Italy | Vestbee,vestbee.com,https://vestbee.com,hero_bg@2x.png,new
startup accelerator italy,VCs and Startup Programs in Italy (2026) - IncubatorList.com,incubatorlist.com,https://incubatorlist.com,hello@boxgroup.com,new
startup accelerator italy,Top Incubators and Accelerators in Italy - TechRound,techround.co.uk,https://techround.co.uk,,new
