query,company,website,status
marketing agency milan,Zebrah - Homepage,https://www.zebrah.it/&amp;rut=aa9a7a072ea6032e2775805de2d0f2b5acc4ee7f80a475a4697a6182d02ddfd7,new
marketing agency milan,Best Advertising Agencies in Milan 2025 | Semrush,https://www.semrush.com/agencies/list/advertising/milan/&amp;rut=4e3e6774067a51cf44f2c5a278e13f1b0831eca2722738e8c63296710bace514,new
marketing agency milan,"Agenzia di Marketing, Comunicazione e Brand Advisory | Bliss Agency",https://blissagency.it/&amp;rut=ba415746dc315ae61db85121de4d00483f3960f022b1ada677bf7087a2208544,new
marketing agency milan,"Marketing &amp; PR Agency Milan, Italy | TEAM LEWIS",https://www.teamlewis.com/locations/milan/&amp;rut=ca9a3111fec87e180ea5426c0a63ff9f5cb1faad67f489502a06a587a6630907,new
marketing agency milan,Milan Communication and Marketing Agency With 40 Years of Experience,https://www.agenziabrand.it/en/&amp;rut=af98bbfd2d5897253bca054a4121c5b6b8acd75bafc01685f24b1d151d37852f,new
marketing agency milan,"Influencer Marketing Agency in Milan, Italy — YKONE",https://ykone.com/influencer-marketing-agency-milan&amp;rut=b0365fb9a5e761845c6128a89c03e9c000dbeb6229a293164fd62e8b305ab40e,new
marketing agency milan,"Marketing and communication agency in Milan, Italy - SAY",https://sayagency.com/en/web-marketing-agency-milan/&amp;rut=07fc744282bc6983004713db2ac6dac59e7958e0a2de547d593c5bd7a906f895,new
marketing agency milan,Marketing and communications agency - Spada Media group Milan,https://www.agenziaspada.com/en/&amp;rut=d0cb3999800de7c23de9492cd7647500ff1b74fb5a55454a0c1e8be0ef5c071f,new
digital agency milan,Best Digital Agencies in Milan | Digital Agency Network,https://digitalagencynetwork.com/agencies/milan/&amp;rut=41b916933a15f10d68e66a14e997233ff8f44d99a4abb4e6f1894403658da8ae,new
digital agency milan,Top 100 Full-Service Digital Agencies in Milan - The Manifest,https://themanifest.com/it/digital/agencies/milan&amp;rut=780cd8c03a2afc69583965bae9cf24000fc520fab22a7ecac5d58bc37f479238,new
digital agency milan,Digital Agencies in Milan - agencycake.com,https://agencycake.com/europe/milan-agencies&amp;rut=c418d996da17d3d8871480d6710ac36eb815167909e323b67237f0b58dc52000,new
digital agency milan,Best Digital Marketing Agencies in Milan (Top 10) 2026,https://aitechtonic.com/digital-marketing-agencies-in-milan/&amp;rut=51bb191a615389ac8865131a5b0ac451d1b66325b2445c55494439fc8786547b,new
digital agency milan,Milan&#x27;s premier digital marketing agencies - PRNEWS.io,https://prnews.io/blog/top-milan-digital-marketing-agencies.html&amp;rut=7eaed101eb1c1f83d76c35032757f91d096174be48e4f981a80598dff0ec283e,new
digital agency milan,Digital &amp; Web Agency Milan - Zero Digitale,https://www.zerodigitale.it/&amp;rut=cd7bd94efc283943fe77992d18b4d6c8ccff976c4de6faad30223f58b22eeec2,new
seo agency milan,SEO Agency Milan - Expert Consultancy | SEOMilan,https://seomilan.com/en&amp;rut=a2e89f5e5559fa8ef9c2908d450568867f2169d2e7e482d0fac62ee7284735e7,new
seo agency milan,Top 15+ SEO Agencies In Milan (2026) - Edvido,https://www.edvido.com/seo-agencies/milan&amp;rut=48d7a8722f845501eee92cef8068ce574261f26963dc0d9c221eae880322bca4,new
seo agency milan,Best SEO Consulting Companies in Milan 2025 | Semrush,https://www.semrush.com/agencies/list/seo-consulting/milan/&amp;rut=9d28c7f7b9291f9049412e8cda426ef80bcad85a8e2a99114c4c979bb836d602,new
seo agency milan,"Top 24 SEO Agencies in Milan, Italy - aiseomate.com",https://aiseomate.com/seo-agencies-directory/italy/milan&amp;rut=0263f0a9b80b290543ba363442bfd899f6bc32c8f216f3b07123de160cc69732,new
seo agency milan,⚡️ Best SEO agency in Milan | Rocket Digital,https://rock.et/en/pages/best-seo-agency-in-milan&amp;rut=bcb1b9bcec610d603d1f765b06ab380abc2511db2f37ff8fc0e31106977f033d,new
seo agency milan,Top 20+ SEO Agencies in Milan (2026) - TechBehemoths,https://techbehemoths.com/companies/seo/milan&amp;rut=50ca02688a0cc59c4ffc73c42fa10fc2a4e33d0178d10e645c75e28edff5352b,new
real estate agency milan,Real Estate Agency Milan - Morabito Real Estate,https://www.morabitoimmobiliare.it/en/&amp;rut=a47e81c8097b57cc9ecab9b60c8fc1679aaa31741715eb28bce5d0b9519c1877,new
real estate agency milan,Real estate agencies in Milan - Immobiliare.it,https://www.immobiliare.it/en/agenzie-immobiliari/milano/&amp;rut=a75c779e5017072e496b4848dc35fe208ef45dedc8efa5f4b2f2346ff98ac60e,new
real estate agency milan,Engel &amp; Völkers Milano,https://www.engelvoelkers.com/it/en/milano&amp;rut=c908878e38569d997f5698d8d6ed17cc4717b8edfe33ed67811e180d7ee09937,new
real estate agency milan,"Luxury real estate agency Milan, ITALY - John Taylor",https://www.john-taylor.com/luxury-real-estate-agency/milan/&amp;rut=a095984335dd0d50eb7e6e590dd251602ce9355cc75e67431deff03986c8fb68,new
real estate agency milan,"THE BEST 10 REAL ESTATE AGENTS in MILAN, ITALY - Yelp",https://www.yelp.com/search?cflt=realestateagents&find_loc=Milan&amp;rut=73ad115b6c9310e763cd132b488361886b743e9b951f3958952eb8f29c2abc2e,new
real estate agency milan,Milan: real estate agents - Properstar,https://www.properstar.com/italy/milan/real-estate-agents&amp;rut=a051ae07637acbbe2d0b4c6a0d375869768cfceaec0e9d42acbe518413f5ab4b,new
real estate agency milan,Estate Agents in Milan - SeeMilan.com,https://www.seemilan.com/estate-agents/&amp;rut=e7e18e3904cf1c3cd4c9a48f538c295e9e37e887c82ecd5f9f285c72b27bce09,new
real estate agency milan,Milan - Brokers &amp; Luxury estate agents - Luxuryestate.com,https://www.luxuryestate.com/agents-brokers/italy/lombardy/milan/milan&amp;rut=c3851423c783c17009ea99d1a33596b46b18b1def698c7be07a0edc30774aee2,new
real estate agency milan,Real Estate Agency in Milan | luxury properties - Elite Immobiliare,https://www.eliteimmobiliare.net/en/&amp;rut=dbc700fd8456d16f9e14cd39089a36b698852da55ffce89417fae8da03b96cc7,new
real estate agency milan,"Milan real estate agencies, Homes for Sale in Milan, Apartments for ...",https://www.inmilano.it/en/agenzie-immobiliari/&amp;rut=46375b10853e3ccaf7310d64b639bc588d1d53a456dd9febfe7162244347b4a4,new
startup accelerator italy,Top 40 Accelerators and Incubators in Italy (2026) - Failory,https://www.failory.com/startups/italy-accelerators-incubators&amp;rut=a31e7bfbe6c8723cabd18a19ddda1cd0084681dce329d98963b67ba3b4a783d9,new
startup accelerator italy,Italy Startup Accelerators - Apply to Top Programs (2026),https://freestartupfunding.com/accelerators/italy&amp;rut=293781da2713e178e67dab554c41b93dbf0dd023bcf0146c77adf4620e0f70c3,new
startup accelerator italy,Apply to top startup accelerators in Italy in 2026 - F6S,https://www.f6s.com/accelerators/italy&amp;rut=cb5ed54f167b00f2a803580576179e9cf467aa9c37f2fb41532bb80c9084d0ad,new
startup accelerator italy,ARES Accelerator - Acceleratore di start-up e PMI al servizio del ...,https://www.aresaccelerator.com/en/home-en/&amp;rut=9eea17b80a6e2da4df3002b97e5fb50b55be52492e6488f48a681adcb85e7f4e,new
startup accelerator italy,B-PlanNow | Startup accelerator in Italy,https://b-plannow.com/en/home/&amp;rut=fcf9227587d5c27418ed6b537f8e71abb7e044152ed1c26e95353247093fefc7,new
startup accelerator italy,Home | VITA Accelerator,https://www.vitaaccelerator.it/&amp;rut=eeb6ede6a131c0d02ab51f7455ee88717303a5eb372dd9c6c56c18185825c404,new
startup accelerator italy,"Top Accelerators &amp; Incubators in Italy (Jan, 2026) - Tracxn",https://tracxn.com/d/investor-lists/accelerators-incubators-in-italy/__ipYdkLo_FgbzV1gMFal2rYqXDedLEN_DF6YHvtobscA&amp;rut=fb4573b3a2c703213cca22725aac7df41dd6d5f0e0d18922215f7f7d1e142562,new
startup accelerator italy,Best Startup Accelerators And Incubators In Italy | Vestbee,https://www.vestbee.com/insights/articles/best-startup-accelerators-and-incubators-in-italy&amp;rut=5f081e63acb57c87fcbb04333dd1a86ebebcba1127e4b9e43d3fe545996ff61b,new
startup accelerator italy,VCs and Startup Programs in Italy (2026) - IncubatorList.com,https://incubatorlist.com/top-vcs-in-italy&amp;rut=10e1d17e25629c1b2ef6adcbee32aafc869c32df4f41dbba87d560c9cf74954b,new
startup accelerator italy,Top Incubators and Accelerators in Italy - TechRound,https://techround.co.uk/startups/top-incubators-and-accelerators-in-italy/&amp;rut=f88d9c4e79b973bc929ad6a822b0560603584ad71a2825283485055a93b84cd2,new
