query,company_or_title,website,contact_page,linkedin,status,notes
seo consultants,The 10 Best SEO Agencies in Milan - 2026 Reviews - Sortlist,https://www.sortlist.com/i/seo/milan-lombardy-it,,,to-review,
seo consultants,Top 60 SEO Consultants - Mar 2026 Rankings | Clutch.co,https://clutch.co/seo-firms/consultants,,,to-review,
seo consultants,Top 20 SEO Consultants - Mar 2026 Rankings | DesignRush,https://www.designrush.com/agency/search-engine-optimization/seo-consultants,,,to-review,
seo consultants,The 10 Best SEO Services Near Me (with Free Estimates) - Thumbtack,https://www.thumbtack.com/k/seo/near-me,,,to-review,
seo consultants,Top 15 SEO Consultant Services to Boost Organic Traffic &amp; Rankings,https://www.helloroketto.com/articles/seo-consultant,,,to-review,
seo consultants,Top 50 SEO Consulting Agencies in 2026 - Ranked &amp; Reviewed,https://onelittleweb.com/top-agencies/top-seo-consulting-agencies/,,,to-review,
seo consultants,Top SEO Companies &amp; Agencies - 2026 Rankings | Goodfirms,https://www.goodfirms.co/seo-agencies,,,to-review,
seo consultants,Hire SEO Consultants - Vetted List | SEO Consultants,https://seoconsultants.com/,,,to-review,
growth consultants,Growth Consultants: What They Do &amp; How to Hire | Jane Gentry,https://janegentry.com/growth-consultant/,,,to-review,
growth consultants,Growth Strategy Consulting | SEI Business Consultants,https://www.sei.com/our-services/growth-strategy-consulting/,,,to-review,
growth consultants,Business Growth Consultant Guide (2026) | DesignRush,https://www.designrush.com/agency/business-consulting/trends/business-growth-consultant,,,to-review,
growth consultants,How a Growth Consultant Can Boost Your Business - LinkedIn,https://www.linkedin.com/advice/1/what-does-growth-consultant-do-consulting-advice-ztkke,,,to-review,
growth consultants,Growth consultants: What they do &amp; how to hire one,https://growthmethod.com/growth-consultant/,,,to-review,
growth consultants,What Is growth consulting? | ZRG Partners,https://www.zrgpartners.com/insights/what-is-growth-consulting,,,to-review,
growth consultants,Growth Consulting | Growth &amp; Co,https://www.growthandco.com/growth-consulting,,,to-review,
growth consultants,What is a Growth Consultant? What is a Growth Consultant? | Revenue,https://www.revenue.io/inside-sales-glossary/what-is-a-growth-consultant,,,to-review,
startup founder,Startup School - The Best Resource for Founders,https://www.startupschool.org/,,,to-review,
startup founder,Startup Founders and Co-Founders — Everything You Need to Know,https://www.startups.com/articles/startup-founders-and-cofounders,,,to-review,
startup founder,Startup Founders &amp; Entrepreneurs: What&#x27;s the Difference? | Built In,https://builtin.com/founders-entrepreneurship,,,to-review,
startup founder,What Is a Founder? Understanding the Role and Responsibilities in ...,https://www.iplum.com/blog/what-is-a-founder-understanding-the-role-and-responsibilities-in-startups,,,to-review,
startup founder,Understanding the Key Roles and Responsibilities of a Startup Founder,https://linkxarfn.com/understanding-the-key-roles-and-responsibilities-of-a-startup-founder/,,,to-review,
startup founder,How to Become a Founder: A Guide for Startups - LinkedIn,https://www.linkedin.com/advice/3/how-do-you-become-founder-skills-startup-development-pcukf,,,to-review,
startup founder,"What&#x27;s the Difference: Startup Founder, Entrepreneur, and ...",https://medium.com/thebeatenroad/whats-the-difference-startup-founder-entrepreneur-and-businessperson-1bb4a6ed00a7,,,to-review,
startup founder,A Day in the Life of a Startup Founder,https://startup.info/a-day-in-the-life-of-a-startup-founder/,,,to-review,
