company,email,message
Zebrah - Homepage,info@zebrah.it,"Hi,

I’m testing a small AI tool that generates market intelligence briefs for companies in your industry.

I ran an example for Zebrah - Homepage's market and the insights were interesting.

If you're curious I can send you the brief.

Best,
Nicodemo
"
Best Advertising Agencies in Milan 2025 | Semrush,mail@semrush.com,"Hi,

I’m testing a small AI tool that generates market intelligence briefs for companies in your industry.

I ran an example for Best Advertising Agencies in Milan 2025 | Semrush's market and the insights were interesting.

If you're curious I can send you the brief.

Best,
Nicodemo
"
"Agenzia di Marketing, Comunicazione e Brand Advisory | Bliss Agency",contatti@blissagency.it,"Hi,

I’m testing a small AI tool that generates market intelligence briefs for companies in your industry.

I ran an example for Agenzia di Marketing, Comunicazione e Brand Advisory | Bliss Agency's market and the insights were interesting.

If you're curious I can send you the brief.

Best,
Nicodemo
"
Milan Communication and Marketing Agency With 40 Years of Experience,info@agenziabrand.it,"Hi,

I’m testing a small AI tool that generates market intelligence briefs for companies in your industry.

I ran an example for Milan Communication and Marketing Agency With 40 Years of Experience's market and the insights were interesting.

If you're curious I can send you the brief.

Best,
Nicodemo
"
"Influencer Marketing Agency in Milan, Italy — YKONE",Post-@martinapinto-jpg.jpg,"Hi,

I’m testing a small AI tool that generates market intelligence briefs for companies in your industry.

I ran an example for Influencer Marketing Agency in Milan, Italy — YKONE's market and the insights were interesting.

If you're curious I can send you the brief.

Best,
Nicodemo
"
"Marketing and communication agency in Milan, Italy - SAY",info@sayagency.com,"Hi,

I’m testing a small AI tool that generates market intelligence briefs for companies in your industry.

I ran an example for Marketing and communication agency in Milan, Italy - SAY's market and the insights were interesting.

If you're curious I can send you the brief.

Best,
Nicodemo
"
Best Digital Marketing Agencies in Milan (Top 10) 2026,info@aitechtonic.com,"Hi,

I’m testing a small AI tool that generates market intelligence briefs for companies in your industry.

I ran an example for Best Digital Marketing Agencies in Milan (Top 10) 2026's market and the insights were interesting.

If you're curious I can send you the brief.

Best,
Nicodemo
"
Digital &amp; Web Agency Milan - Zero Digitale,info@zerodigitale.it,"Hi,

I’m testing a small AI tool that generates market intelligence briefs for companies in your industry.

I ran an example for Digital &amp; Web Agency Milan - Zero Digitale's market and the insights were interesting.

If you're curious I can send you the brief.

Best,
Nicodemo
"
Top 15+ SEO Agencies In Milan (2026) - Edvido,info@edvido.com,"Hi,

I’m testing a small AI tool that generates market intelligence briefs for companies in your industry.

I ran an example for Top 15+ SEO Agencies In Milan (2026) - Edvido's market and the insights were interesting.

If you're curious I can send you the brief.

Best,
Nicodemo
"
"Top 24 SEO Agencies in Milan, Italy - aiseomate.com",oleg@aiseomate.com,"Hi,

I’m testing a small AI tool that generates market intelligence briefs for companies in your industry.

I ran an example for Top 24 SEO Agencies in Milan, Italy - aiseomate.com's market and the insights were interesting.

If you're curious I can send you the brief.

Best,
Nicodemo
"
⚡️ Best SEO agency in Milan | Rocket Digital,info@rock.et,"Hi,

I’m testing a small AI tool that generates market intelligence briefs for companies in your industry.

I ran an example for ⚡️ Best SEO agency in Milan | Rocket Digital's market and the insights were interesting.

If you're curious I can send you the brief.

Best,
Nicodemo
"
Engel &amp; Völkers Milano,contact@engelvoelkers.com,"Hi,

I’m testing a small AI tool that generates market intelligence briefs for companies in your industry.

I ran an example for Engel &amp; Völkers Milano's market and the insights were interesting.

If you're curious I can send you the brief.

Best,
Nicodemo
"
"THE BEST 10 REAL ESTATE AGENTS in MILAN, ITALY - Yelp",stars@2x.yji-93f28c428b8c980a.png,"Hi,

I’m testing a small AI tool that generates market intelligence briefs for companies in your industry.

I ran an example for THE BEST 10 REAL ESTATE AGENTS in MILAN, ITALY - Yelp's market and the insights were interesting.

If you're curious I can send you the brief.

Best,
Nicodemo
"
Milan - Brokers &amp; Luxury estate agents - Luxuryestate.com,info@luxuryestate.com,"Hi,

I’m testing a small AI tool that generates market intelligence briefs for companies in your industry.

I ran an example for Milan - Brokers &amp; Luxury estate agents - Luxuryestate.com's market and the insights were interesting.

If you're curious I can send you the brief.

Best,
Nicodemo
"
Top 40 Accelerators and Incubators in Italy (2026) - Failory,nico@failory.com,"Hi,

I’m testing a small AI tool that generates market intelligence briefs for companies in your industry.

I ran an example for Top 40 Accelerators and Incubators in Italy (2026) - Failory's market and the insights were interesting.

If you're curious I can send you the brief.

Best,
Nicodemo
"
Apply to top startup accelerators in Italy in 2026 - F6S,support@f6s.com,"Hi,

I’m testing a small AI tool that generates market intelligence briefs for companies in your industry.

I ran an example for Apply to top startup accelerators in Italy in 2026 - F6S's market and the insights were interesting.

If you're curious I can send you the brief.

Best,
Nicodemo
"
ARES Accelerator - Acceleratore di start-up e PMI al servizio del ...,aresaccelerator@legalmail.it,"Hi,

I’m testing a small AI tool that generates market intelligence briefs for companies in your industry.

I ran an example for ARES Accelerator - Acceleratore di start-up e PMI al servizio del ...'s market and the insights were interesting.

If you're curious I can send you the brief.

Best,
Nicodemo
"
Home | VITA Accelerator,info@vitaaccelerator.it,"Hi,

I’m testing a small AI tool that generates market intelligence briefs for companies in your industry.

I ran an example for Home | VITA Accelerator's market and the insights were interesting.

If you're curious I can send you the brief.

Best,
Nicodemo
"
"Top Accelerators &amp; Incubators in Italy (Jan, 2026) - Tracxn",PR@tracxn.com,"Hi,

I’m testing a small AI tool that generates market intelligence briefs for companies in your industry.

I ran an example for Top Accelerators &amp; Incubators in Italy (Jan, 2026) - Tracxn's market and the insights were interesting.

If you're curious I can send you the brief.

Best,
Nicodemo
"
Best Startup Accelerators And Incubators In Italy | Vestbee,hero_bg@2x.png,"Hi,

I’m testing a small AI tool that generates market intelligence briefs for companies in your industry.

I ran an example for Best Startup Accelerators And Incubators In Italy | Vestbee's market and the insights were interesting.

If you're curious I can send you the brief.

Best,
Nicodemo
"
VCs and Startup Programs in Italy (2026) - IncubatorList.com,hello@boxgroup.com,"Hi,

I’m testing a small AI tool that generates market intelligence briefs for companies in your industry.

I ran an example for VCs and Startup Programs in Italy (2026) - IncubatorList.com's market and the insights were interesting.

If you're curious I can send you the brief.

Best,
Nicodemo
"
