company,email,subject,message,status
The 10 Best SEO Companies in Italy (2026 Updated),hello@zeracreative.com,Brief di mercato per The 10 Best SEO Companies in Italy (2026 Updated),"Ciao,

sto testando uno strumento AI che genera brief di mercato strutturati per aziende come The 10 Best SEO Companies in Italy (2026 Updated).

Il brief evidenzia:
- competitor
- positioning
- opportunità di monetizzazione

Se vuoi ti mando un esempio gratuito sul tuo mercato.

Un saluto,
Nicodemo
",sent
Top 15+ SEO Agencies In Italy (2026) - Edvido,info@edvido.com,Brief di mercato per Top 15+ SEO Agencies In Italy (2026) - Edvido,"Ciao,

sto testando uno strumento AI che genera brief di mercato strutturati per aziende come Top 15+ SEO Agencies In Italy (2026) - Edvido.

Il brief evidenzia:
- competitor
- positioning
- opportunità di monetizzazione

Se vuoi ti mando un esempio gratuito sul tuo mercato.

Un saluto,
Nicodemo
",sent
Top SEO Agencies in the UK 2026 - Ranked &amp; Reviewed,hello@onelittleweb.com,Market brief for Top SEO Agencies in the UK 2026 - Ranked &amp; Reviewed,"Hi,

I’m testing an AI tool that generates structured market briefs for companies like Top SEO Agencies in the UK 2026 - Ranked &amp; Reviewed.

The brief highlights:
- competitors
- positioning
- monetization opportunities

If you want, I can send you a free sample for your market.

Best,
Nicodemo
",sent
10 Best SEO Strategy Experts UK Companies Trust in 2025,hello@clickslice.co.uk,Market brief for 10 Best SEO Strategy Experts UK Companies Trust in 2025,"Hi,

I’m testing an AI tool that generates structured market briefs for companies like 10 Best SEO Strategy Experts UK Companies Trust in 2025.

The brief highlights:
- competitors
- positioning
- monetization opportunities

If you want, I can send you a free sample for your market.

Best,
Nicodemo
",sent
SEO Agency | A Purpose-Led SEO Company Driven by Results,info@hedgehogdigital.co.uk,Market brief for SEO Agency | A Purpose-Led SEO Company Driven by Results,"Hi,

I’m testing an AI tool that generates structured market briefs for companies like SEO Agency | A Purpose-Led SEO Company Driven by Results.

The brief highlights:
- competitors
- positioning
- monetization opportunities

If you want, I can send you a free sample for your market.

Best,
Nicodemo
",sent
